"stores","total_sales","sales_percentage","total_orders"
"Local",4200344.270000269,7840900,"78409"
"Mall Kiosk",705645.899999985,1314200,"13142"
"Outlet",508029.40999999834,920700,"9207"
"Super Store",1045045.1899999597,1927600,"19276"
"Web Portal",1067.7700000000002,4300,"43"
